id_transacao,tempo_desde_ultima_transacao,valor_transacao,localizacao_comerciante_risco,frequencia_cartao_dia,media_gasto_cartao_semana,fraude
633,2768.0,1033.4911774820855,0,9,5413.855835502229,0
330,2079.0,45.50779006295605,0,10,7156.724605932848,0
978,20.0,1817.231358120914,1,18,748.923788861116,1
786,17.0,2316.4838253004045,1,16,736.9678656364465,1
15,1262.5,170.49736286407438,0,12,3046.1654201123006,0
561,589.0,235.08486915430396,0,12,4362.142348805444,0
644,3403.0,136.66392790836272,0,4,2648.257883213209,0
941,3.0,1780.8704413107191,1,18,1219.4140757724977,1
938,21.0,1645.866130298493,1,37,1093.7134631399715,1
659,646.0,213.81001198653803,0,3,3950.8101014591334,0
354,1475.0,197.2873941961539,0,3,3879.6487547049073,0
416,46.0,101.8339123936376,0,11,3917.9242177335896,0
734,1239.0,86.06145205906478,0,11,8351.235999863093,0
385,3134.0,340.34806300306235,0,11,4074.914383784878,0
310,1989.0,96.84492527404068,0,14,3425.5931092450583,0
956,10.0,1955.540149740619,1,37,881.9410432090814,1
808,20.0,2973.9083936271577,1,37,628.2841892420072,1
190,1089.0,335.7545901271434,0,13,1296.6286488559172,0
289,1177.0,179.578524093134,1,10,1138.9159607445977,0
54,3232.0,114.91178230144617,0,9,2013.7017268301984,0
391,1075.0,335.7545901271434,0,14,2256.9738212900384,0
286,2221.0,336.8375690177226,0,5,1624.4725084544625,0
686,3291.0,1748.0245351059598,0,3,3756.5207404496136,0
148,3149.0,81.6522548370078,0,4,3096.1567363836725,0
605,1811.0,395.79029154784416,0,5,3196.75321969005,0
5,1160.0,487.25473645151544,0,2,4852.120081280216,0
590,1257.0,328.44787462504917,0,6,3261.725299715878,0
522,803.0,43.382570153645965,0,1,3249.863359817176,0
684,1717.0,962.8889562813108,0,9,2481.8482448139343,0
259,1789.0,31.038652002730952,0,9,6289.503317519479,0
579,2774.0,151.3319989402302,0,10,2680.1184018908034,0
562,517.0,1134.4527702543585,0,8,2441.450807895136,0
264,1183.0,194.46551412515387,0,8,1789.8435560609155,0
748,3175.0,93.91929228318972,0,13,3983.776832712177,0
549,2868.0,227.6341625479898,0,10,3987.2396040377703,0
455,3389.0,249.65825400008276,0,1,2212.3828896451178,0
198,2759.0,335.7545901271434,0,8,4609.983191983278,0
537,1712.0,36.729413364834386,0,2,3569.611094515125,0
363,1914.0,155.36358272452,0,9,2122.781924269546,0
272,865.0,193.20905906973164,0,13,5329.1046285583725,0
882,15.0,2395.2506803308615,0,35,1324.5954427749823,1
278,796.0,2460.8800346988955,0,8,3940.772758983011,0
303,176.0,144.50460650016305,0,11,2286.1382751350175,0
575,1709.0,89.28282794129493,0,8,5312.944554748321,0
972,4.0,2113.114410292043,1,12,1099.7822530972592,1
191,1262.5,25.114801411897684,0,9,1809.50248588723,0
992,18.0,1996.8267894635824,1,17,2256.9738212900384,1
88,2643.0,102.67423219929556,0,7,3535.5403461306537,0
483,1262.5,335.7545901271434,0,2,2591.419122325164,0
542,1111.0,103.19770456353112,0,7,2256.9738212900384,0
84,3489.0,106.202703048516,0,1,2303.22536584688,0
26,2463.0,433.0809003120448,0,4,3380.4055548650417,0
280,2357.0,3939.393361003417,0,4,2261.84177266539,0
725,2968.0,1053.1843443791058,0,3,3020.1153754814386,0
967,21.0,2249.7055345973013,1,17,1365.458413526277,1
501,1178.0,129.66049056234067,0,2,5629.728339634343,0
82,1985.0,452.795938557603,0,2,2197.421561269168,0
63,2393.0,1082.7615611301856,0,10,2725.1234516361005,0
960,17.0,1932.445366404581,1,15,744.8394163758868,1
72,2169.0,844.5201203035117,0,4,1406.662949615074,0
521,1249.0,352.71627032914,0,9,3634.8643058656753,0
836,4.0,2477.006907923653,0,19,772.970806895222,1
875,19.0,2348.365454615922,1,31,752.8193539084001,1
747,3110.0,93.28243757904856,0,10,6161.637063650803,0
719,914.0,56.00072443949132,0,4,3877.5067977423255,0
171,1068.0,659.9637269073002,0,7,2507.2283329570005,0
321,3399.0,236.02513860675293,0,8,3102.7696825436683,0
118,1210.0,173.9096296937921,0,3,3934.92168606242,0
224,1312.0,260.7316002895807,0,7,6106.498250526508,0
702,728.0,285.527906274143,0,5,1305.7128375019424,0
366,907.0,282.4703093087752,0,13,3235.8686556266193,0
883,23.0,1216.335423237736,1,16,595.1271365345403,1
37,504.0,210.22805820750693,1,5,3001.5342986336477,0
517,1625.0,318.19363205121977,0,6,3291.708782387466,0
35,1262.5,781.6458231107446,0,6,3862.084057074454,0
698,1933.0,125.0121304962878,0,4,2736.4853557485512,0
152,834.0,69.61680203656827,0,5,2813.9020339591807,0
935,6.0,3166.644660824891,1,40,891.9882193729052,1
545,770.0,167.60237423947922,0,10,2281.5260015007134,0
752,16.0,2682.574380946041,0,22,368.30591744790263,1
865,10.0,1909.6078180522543,1,40,1320.513800108205,1
759,15.0,2730.7631031382516,1,35,696.820534021326,1
789,29.0,335.7545901271434,1,13,1130.4310193670674,1
944,2.0,2080.508942752228,1,14,1101.606195376507,1
592,2295.0,109.81584801285236,0,11,2740.8447512348453,0
138,2308.0,118.37542094083965,0,6,2764.835329183582,0
207,2011.0,80.8739801746637,0,14,5407.370567306524,0
627,1717.0,132.11397192773268,0,1,2923.863313205561,0
863,25.0,2332.357043154445,1,25,1371.8752019324684,1
751,23.0,2214.8124703168373,1,22,1293.34466490586,1
229,678.0,114.7600145920344,0,12,6334.690619218423,0
745,780.0,39.8103631604809,0,2,2213.5774308904447,0
880,10.0,1838.6244869407824,1,45,762.730185499734,1
599,3355.0,107.07324370849108,0,6,1320.314252713868,0
768,19.0,2157.224458675981,1,21,839.4049862297023,1
811,25.0,1667.8879093233877,1,38,1203.68409632867,1
6,1125.0,158.99645616160325,0,12,3139.8940488449693,0
409,482.0,605.2310946782184,0,7,3680.8127379593698,0
886,17.0,1821.854852697608,1,32,1033.4117805520157,1
127,3164.0,34.41381882325912,0,14,3286.6675886687885,0
662,1679.0,588.5779469908199,0,13,2118.2195174929757,0
709,105.0,4480.3324106434075,0,1,4625.4075433323615,0
341,1262.5,113.91151070116294,0,13,2256.9738212900384,0
692,2944.0,569.8369508902495,0,8,2096.4612560645496,0
950,23.0,1680.4382387640178,1,24,2256.9738212900384,1
231,3326.0,120.8051767049459,0,3,1038.260973866591,0
17,2949.0,880.8058330363154,0,10,3376.767627022746,0
701,426.0,143.44653188649258,0,1,1194.9259519809857,0
200,1627.0,315.44877000755764,0,8,1260.4170479013296,0
965,25.0,2152.807180625608,1,28,1160.0077734116348,1
356,283.0,98.1773192803484,0,8,4385.608768708741,0
810,5.0,1032.2076602414695,1,34,1478.3327175247591,1
973,13.0,2501.2082293360036,1,17,2256.9738212900384,1
720,3170.0,42.68319446352244,0,14,2646.641170936085,0
609,3324.0,462.51121791160705,0,9,2875.5303980741096,0
103,3563.0,246.0903244102718,0,14,2584.9688759067462,0
963,5.0,578.2573539741122,1,22,2256.9738212900384,1
441,2036.0,58.59368740100451,0,6,4008.2611092435072,0
683,2173.0,384.8550107693916,0,14,2711.986066069156,0
947,29.0,2447.024798662397,1,41,657.0942063778814,1
554,1694.0,106.8678434474956,0,5,2774.494163420965,0
665,442.0,285.56685245599874,0,7,4357.7843576484665,0
90,1530.0,329.3082954551948,0,11,5721.384241650619,0
981,17.0,1844.816810903965,0,16,842.6298958698846,1
340,3200.0,29.705476213355418,0,14,2062.255154755876,0
179,1050.0,149.07951534618357,0,14,2743.8313917396445,0
451,1376.0,78.09252998385968,0,7,1371.9685338805948,0
281,2961.0,826.1995709080151,0,12,2256.9738212900384,0
750,2569.0,543.5565116083709,0,12,3949.200458083616,0
903,25.0,335.7545901271434,1,39,537.1595454371062,1
655,1655.0,198.0556365006208,0,1,4590.391217297599,0
338,2086.0,65.66985135114636,0,14,2256.9738212900384,0
4,1324.0,136.87903324945054,0,11,2157.290935895874,0
721,3200.0,698.4837950539737,0,6,3786.7721148989576,0
246,3487.0,1352.3566212091566,0,9,5456.688964492415,0
136,1826.0,285.87226024144564,0,14,2187.8190944362673,0
98,1025.0,768.679107744242,0,8,4962.629718637139,0
714,2812.0,138.29926315479472,0,7,5364.6743919037735,0
596,580.0,1357.4859223157307,0,6,2369.3933976470826,0
108,367.0,225.6524701683707,1,8,1905.312538762683,0
793,2.0,1501.7036318385242,1,47,1383.8556009280476,1
453,2763.0,538.241750613958,0,5,2026.013597852128,0
779,14.0,2956.2047049583994,1,15,849.4647421565404,1
218,1430.0,695.2691610288757,0,4,2340.9480669848576,0
333,2331.0,607.8383587116423,0,10,1625.4622282023695,0
287,638.0,654.9501603135735,0,1,5771.616584555448,0
180,1262.5,1764.1555066302783,0,2,2994.38499891743,0
314,2949.0,388.9148109763645,0,14,6975.154186537404,0
345,433.0,335.7545901271434,0,2,1393.0914026350572,0
254,31.0,40.01180107364711,0,8,2147.016021100886,0
469,1735.0,57.488720423493895,0,1,2256.9738212900384,0
513,2690.0,440.8743936328596,0,12,3721.2177338778047,0
690,2356.0,163.78498687735728,0,10,2680.0298855202445,0
496,2012.0,1114.4976940911051,0,6,1847.8035756384415,0
932,13.0,1071.1400693211444,1,34,374.05670248867455,1
829,4.0,1675.4731397858136,1,32,447.9766766482742,1
95,191.0,512.6829450718548,0,14,3511.0321737858976,0
925,14.0,2037.9602671297432,1,13,1122.4158540510266,1
593,2551.0,158.95075322372395,0,5,2256.9738212900384,0
40,2077.0,181.04470243725677,0,14,2202.8275012835634,0
732,2186.0,96.21960910922895,0,13,5172.894836999932,0
564,926.0,347.01376479571564,0,3,1705.648307772339,0
648,2112.0,718.5695010207676,0,9,2256.9738212900384,0
697,625.0,51.054154041050595,0,1,2464.420899815534,0
111,821.0,477.5436689496312,0,10,1273.6859267607836,0
305,2941.0,134.30777362151528,0,7,2215.2778320992143,0
629,2767.0,1021.5788122105852,0,8,1836.2125507177277,0
223,1798.0,112.1687212358602,0,7,2256.9738212900384,0
796,12.0,2851.413503004639,1,33,252.0187539009768,1
555,1111.0,497.7409999983143,0,12,3970.184823179658,0
132,1728.0,1070.9841299728364,0,9,2942.423499894475,0
715,3485.0,908.968910245562,0,9,775.456148082426,0
482,49.0,282.2103524430628,0,13,5146.046722044949,0
463,3205.0,262.3384537609227,0,12,2239.045842009824,0
744,2735.0,182.8780694237312,0,12,3045.8012051549267,0
466,3277.0,226.9294162495407,1,11,2730.482561593189,0
909,7.0,2375.268057717653,1,38,1126.4638250609685,1
504,2647.0,104.81680886132736,0,13,4078.501783234141,0
75,1508.0,249.95182149491825,0,12,4354.281800302986,0
212,3449.0,431.29377955252994,0,13,3993.4381333784063,0
494,1853.0,326.28139967609286,0,11,2256.9738212900384,0
813,1262.5,1785.7499975889573,1,42,985.291197748589,1
322,1664.0,436.18116167707143,0,8,2322.5105731567937,0
541,1840.0,1878.5580746584897,0,11,1869.3905517784483,0
407,989.0,73.83758878354426,0,1,1427.9729430877026,0
472,1920.0,139.92749117092313,0,5,2688.497923052998,0
325,2221.0,567.5967606139252,0,13,2915.751733775864,0
723,3126.0,424.91430376451,0,3,2193.4235719901053,0
342,1262.5,621.08865662864,0,7,2733.6798839819076,0
74,3033.0,688.9021921736346,0,4,2000.6140119696129,0
669,3378.0,43.32961573100246,0,6,3289.3310714119534,0
1000,26.0,2641.324320648298,0,32,1174.8212749521592,1
896,9.0,2221.599329957865,1,40,1105.4439701056606,1
203,825.0,267.35176392433095,0,8,4821.672346802651,0
515,2341.0,391.4239276254728,0,3,5669.703327698106,0
540,860.0,4769.309264225634,0,5,6450.714062196089,0
679,1152.0,112.49223325415528,0,9,3670.2510620635258,0
913,8.0,1928.9961934852363,1,48,962.880195970073,1
236,3475.0,402.9998620530631,0,2,1566.6532063526024,0
798,1262.5,2273.0367565685556,1,22,1488.7499094702837,1
516,3154.0,1008.838465339922,0,7,2958.828656154426,0
413,576.0,199.20780496457,1,12,1367.5731750488649,0
124,2057.0,501.292923858893,0,4,2914.851198838717,0
307,1873.0,125.10569003026596,0,7,2270.8519939924836,0
607,2879.0,736.0108254837282,0,8,5625.81068336846,0
674,1922.0,2243.918637330583,0,10,2256.9738212900384,0
199,2634.0,199.09747654704103,0,1,2420.107846631068,0
840,1262.5,1839.1687424707904,1,42,1015.498293055324,1
968,26.0,1859.7116610275957,1,17,1317.2104916134676,1
785,12.0,1900.679870171986,0,17,1366.2463896439144,1
62,630.0,134.1596000202897,0,4,1143.0876561470816,0
771,10.0,1611.3049620705476,1,23,1244.6503067332787,1
856,16.0,1934.5253889077635,0,45,1399.4017185965208,1
164,532.0,321.70080108774897,0,2,1905.239516994951,0
89,1159.0,281.05035030097264,0,11,2256.9738212900384,0
551,3494.0,76.47527554603383,1,5,3259.508804157781,0
874,18.0,1888.4664822596292,0,39,2256.9738212900384,1
406,2956.0,125.60551717030192,0,14,1650.004457992851,0
215,2267.0,164.7817917294642,0,5,15677.18735944964,0
375,427.0,700.9176551216518,0,2,2790.456516200588,0
270,1469.0,80.91728628077519,0,1,1684.3656408428944,0
20,3410.0,62.215753447872544,0,8,2448.9786287612683,0
576,3536.0,475.7288826943622,1,6,2790.454278350596,0
377,845.0,152.44067857085227,0,6,3237.5969844565525,0
800,20.0,1253.8656066700682,1,13,647.8360106773082,1
646,2576.0,186.84915151460572,0,13,924.1113598705712,0
162,1058.0,228.1536943005819,0,12,4017.960387457198,0
161,2720.0,155.97032875754917,0,4,2723.330052507434,0
165,2844.0,140.38320929207913,0,9,1924.7431046689755,0
523,906.0,461.3365641513968,0,13,3193.242026934168,0
705,1665.0,294.7504601199902,0,8,4247.747656725889,0
32,3415.0,17.173916168160822,0,11,2453.245030563475,0
335,3138.0,52.61265050898161,0,8,2256.9738212900384,0
802,6.0,335.7545901271434,1,41,1620.3719014490655,1
500,3291.0,18.745794393204772,0,3,4576.007916799995,0
783,21.0,2101.010468495004,1,44,1150.072140830971,1
806,15.0,335.7545901271434,1,32,1557.3107030613196,1
357,3328.0,224.1505069338176,0,4,1896.4718052080568,0
444,3424.0,253.47404999501987,0,1,819.2185531657353,0
106,2373.0,718.0782048946195,0,1,5970.637422903162,0
538,686.0,239.8372299789526,0,13,3279.039699683738,0
733,1095.0,164.45635969531762,0,3,1410.3753004522991,0
737,3324.0,101.17457662840944,1,8,7079.748614684675,0
401,2104.0,1960.7137050685096,0,7,4189.129963599143,0
762,27.0,1858.949989981357,1,22,1199.4781486905222,1
619,365.0,515.3012072584647,0,12,1474.8161709330031,0
59,2244.0,1130.4066570107505,0,7,3330.4872403079594,0
282,227.0,125.08535096522104,0,1,2164.4302822087648,0
746,2665.0,942.5502566387285,1,2,3091.8622046988917,0
699,758.0,335.7545901271434,0,9,2560.4294329078984,0
294,1824.0,44.76473412197463,0,9,2537.289917020618,0
574,183.0,172.45110342590698,0,2,1105.054017759241,0
418,1273.0,196.71113489905065,0,4,5662.249803932515,0
436,1169.0,335.7545901271434,0,8,1067.7421553640795,0
509,1262.5,1141.7466543045025,0,10,1860.3394349703144,0
997,8.0,335.7545901271434,1,35,508.59128276919495,1
971,22.0,2625.4772371134245,1,30,828.4761874131816,1
208,1384.0,380.39445082631227,0,9,3067.523959832032,0
873,16.0,2161.2334505008735,1,39,1100.8434889078687,1
588,3089.0,335.7545901271434,0,5,4924.833223744496,0
514,3070.0,127.77321406363843,0,5,3352.254344193451,0
695,1326.0,86.4193784653499,0,7,1857.039901569202,0
2,3537.0,335.7545901271434,0,12,4563.637166149793,0
269,1763.0,388.1105488290209,0,8,2028.649022437738,0
109,908.0,335.7545901271434,0,8,1863.941468729429,0
703,3120.0,183.24531403265593,0,13,3007.3293508889483,0
119,1262.5,228.29214844524157,0,3,4402.276108271698,0
350,657.0,1237.1983423315728,0,1,2421.3331281859864,0
623,925.0,331.95759079384226,0,10,3758.0586041489896,0
315,670.0,323.0812867113918,0,13,1066.1416521778497,0
79,64.0,237.22632156930229,0,3,3774.758327324105,0
389,499.0,126.98554301705448,0,6,1508.7963621857864,0
645,3354.0,278.9633644889128,0,7,5928.93883686194,0
320,1468.0,12.40313729426455,0,12,2445.2330263792655,0
532,298.0,333.8777374710612,0,5,1479.0260814166718,0
393,1723.0,519.2062346949272,0,2,1752.9333239139607,0
66,2071.0,566.6509796025382,0,5,2339.4296253485863,0
163,3319.0,477.9156040491577,0,8,1173.2040401093402,0
128,1192.0,900.0711076193427,0,9,4859.264143852144,0
276,152.0,22.333113606555926,0,1,3072.312937613213,0
847,14.0,1971.7301280091328,1,13,1096.235717779805,1
841,1262.5,2835.0812936744624,1,10,1068.7224064617108,1
248,3214.0,269.9226790166766,0,1,2274.1042328417507,0
405,2361.0,51.63694340161329,0,5,2553.138184618994,0
172,1911.0,251.11757398074997,0,13,1415.147933365983,0
885,13.0,2684.0649038544334,0,35,1010.2082233216696,1
46,3035.0,99.57240978110036,0,2,1506.4129478397367,0
803,24.0,2338.5734331788153,1,16,450.4953258381921,1
985,1.0,1910.8902598073817,1,43,569.2271428394417,1
101,3372.0,363.69924235633874,0,3,3716.501659131992,0
926,22.0,1194.9642762928115,1,43,1165.239271682099,1
410,3097.0,635.2448197215872,0,8,5229.181421225671,0
740,3264.0,587.3596077896971,0,2,3908.3414294601102,0
61,2465.0,105.2444346461634,0,3,2488.298553432437,0
611,2519.0,97.43137449854598,0,10,5595.6282284493855,0
711,2532.0,2686.935481168544,0,3,1297.9677086285922,0
102,485.0,675.4642057146518,0,14,2256.9738212900384,0
939,3.0,335.7545901271434,1,41,1357.8205496249243,1
265,1106.0,459.7756179376043,0,14,2040.5347983451893,0
267,2807.0,335.7545901271434,0,13,2691.833526374606,0
782,7.0,1286.3332052422677,1,10,981.6988084433848,1
346,2229.0,135.36878229273103,0,2,3839.328496997435,0
535,1159.0,2451.078242870789,0,1,2677.184348846301,0
167,900.0,84.04381011559757,0,14,3787.078236366744,0
834,26.0,1515.5841842266236,1,27,610.2350909662528,1
292,2541.0,47.01097332801509,0,14,8623.280215995022,0
643,1660.0,1429.9685457592773,1,3,3622.3075455563376,0
250,3029.0,1828.1057836553832,0,12,2610.795593518327,0
819,11.0,1751.3661930388307,1,37,1412.9489350058614,1
225,3460.0,186.96305985091396,0,12,1826.2807597142817,0
676,2997.0,1449.7252964207837,0,5,1901.6271437513333,0
489,2548.0,25.09246325058839,0,3,2885.242434756154,0
473,1871.0,88.52816052650627,0,8,1942.143361155235,0
580,3386.0,83.14264538745634,0,3,2472.0047692655626,0
187,1708.0,409.1326201744539,0,12,2772.582496142849,0
581,1273.0,135.86293183142493,0,5,1743.2383621095148,0
877,8.0,2494.3402801723696,1,11,1614.9436287357778,1
251,3182.0,1481.2396763124684,0,6,4280.137977569102,0
490,1196.0,55.61451391924312,0,11,2906.9884184122843,0
12,360.0,166.56075481474943,0,6,1785.2782204213397,0
185,2308.0,26.977874622296664,0,5,747.5117460107343,0
28,985.0,418.115812580064,0,9,2321.364865864061,0
114,2265.0,30.529749563845215,0,6,1433.8741886816297,0
889,20.0,1247.5620035854367,1,15,1207.8567267453434,1
628,1961.0,124.06577022237975,0,14,4881.087878614655,0
362,2230.0,227.6094278215907,0,3,3034.7910807504445,0
459,184.0,449.1640873851588,0,13,2256.9738212900384,0
130,2670.0,351.9954187030003,0,12,1956.4827861011447,0
624,2237.0,1122.6142431962685,0,4,1311.4898892567903,0
512,2521.0,335.7545901271434,0,10,2216.471299006316,0
667,3521.0,1101.338240395227,0,6,3411.107947148679,0
431,210.0,232.7099718869485,0,3,5022.960549684827,0
571,2938.0,568.3804615828417,0,1,2296.9247179867193,0
805,20.0,1719.9067373908956,1,37,1449.229504953888,1
666,3477.0,229.3767369371498,0,2,2465.0721526993466,0
306,1764.0,130.77091578656854,0,9,4372.726826190268,0
260,3326.0,93.48431853622442,0,13,9220.894434058137,0
754,11.0,2759.4432907263317,1,37,1415.904819178853,1
533,399.0,57.59351828928541,0,5,3416.4862499023925,0
120,94.0,124.1197398614022,0,10,7126.12902360954,0
126,1525.0,1532.6102690934383,1,7,7214.329456880538,0
182,1787.0,350.1022772913092,0,5,1576.0417587503473,0
193,1752.0,108.36386499817333,0,9,1796.7037961513715,0
376,1330.0,305.79339071927063,0,3,3298.93880848958,0
884,7.0,2189.173597803632,1,10,875.4358696284186,1
188,3272.0,150.3862742719338,0,1,3728.5848986120745,0
1,3204.0,212.3333084975454,0,12,2374.3257180703977,0
263,1262.5,1105.8946809107274,0,3,5406.954291301513,0
799,27.0,2436.7582122348754,1,34,825.4653899823838,1
614,1045.0,256.18318554622704,0,1,3179.0610141513716,0
848,5.0,1348.8803954918385,1,10,1058.215583081762,1
612,1661.0,417.2688015874701,1,12,904.4682505098208,0
318,1999.0,77.87035322840624,0,12,502.00803457041434,0
860,1.0,2538.4614126464253,0,27,611.9477124387713,1
493,863.0,1548.4063438149574,0,10,3628.456518050144,0
273,1262.5,219.12017446032283,0,6,5729.481990192165,0
394,2115.0,139.99372689858438,0,1,2256.9738212900384,0
197,2655.0,239.02100190818084,0,2,1895.9653813692792,0
358,3213.0,167.10944174821566,0,-1,1440.8575928194475,0
815,12.0,2009.5774575289297,1,23,1099.2553913846734,1
253,1262.5,59.864515499900776,0,11,4634.460877281886,0
861,23.0,1629.3033616848716,1,37,791.2915368408808,1
758,1262.5,2084.3531305476013,1,17,980.7447516133542,1
927,4.0,2515.933991267415,1,38,1133.4321423494785,1
849,6.0,2174.144665049879,1,16,618.9816733863904,1
29,2354.0,66.57727508949878,0,3,1685.598016151074,0
464,3494.0,418.6511101749904,0,3,5488.099200755694,0
999,27.0,1462.923309061695,1,45,813.3895583336856,1
957,3.0,1755.6561849244954,1,38,1053.6084150431427,1
569,1262.5,79.3854928274298,0,3,4647.478516980454,0
520,1156.0,152.54522457087546,0,12,1119.53716540323,0
381,1188.0,785.0427658597727,0,12,2977.5655869126804,0
622,526.0,150.60083669457637,0,7,2289.550798071811,0
817,23.0,1305.8049296141526,1,44,1263.825112341221,1
862,10.0,2830.4012009689545,1,38,724.5619049750276,1
116,522.0,383.1083631683789,0,3,1439.2663747149466,0
371,1734.0,335.7545901271434,0,11,3342.5192058315915,0
578,3187.0,30.26642788633714,0,8,770.59650759736,0
22,2421.0,131.68436936161933,0,14,1642.374629212593,0
871,13.0,2087.2296474183513,1,48,707.9863485918896,1
107,2797.0,84.26808087053188,0,9,1770.6283930144643,0
518,3081.0,156.46835892854912,0,4,1088.732646944165,0
741,1268.0,572.2604773093935,0,10,4935.006501327074,0
129,1552.0,81.0066337464755,0,11,1711.023829685039,0
395,1262.5,140.82989805846162,0,9,7592.61732441046,0
507,1745.0,153.89457106187692,0,10,855.0909196697224,0
293,3450.0,453.17287216787713,0,9,3462.3610599552776,0
428,3450.0,122.37348937241585,0,12,5352.69749153175,0
559,1149.0,605.6480019166036,0,3,3365.915865800922,0
434,729.0,177.32271333127596,0,9,1552.7552158745154,0
547,146.0,187.4594542446494,0,13,2917.839170276297,0
933,27.0,2798.024245697778,1,30,1048.146887192044,1
465,275.0,151.30078016035696,0,11,2256.9738212900384,0
788,10.0,1590.798034735658,1,48,475.7090470515216,1
283,3059.0,206.40696904967015,0,10,3099.368344694536,0
776,8.0,2043.2142585392176,1,47,811.8059662146092,1
397,592.0,266.9490142135026,0,12,1736.39374198175,0
663,1546.0,377.92705252669913,0,14,1166.8267283023256,0
670,3098.0,475.1890676290375,0,11,2256.9738212900384,0
277,430.0,212.24493667134496,0,14,2052.240354228298,0
304,3249.0,125.4997349057218,0,7,2259.4469915005084,0
553,1042.0,210.22476281275465,0,12,1641.4843075141164,0
222,1002.0,252.7112562245987,0,4,1328.938654988301,0
91,732.0,200.5270451843473,0,2,3169.1279415704503,0
895,16.0,2136.599599511022,1,27,588.1421645556809,1
563,1262.5,137.59192090977797,0,13,3924.619652549476,0
689,1578.0,1068.6007147609023,0,8,2481.489596763542,0
234,693.0,285.9287678156463,0,2,2154.3350394533513,0
929,7.0,2368.626266471599,1,31,1044.809044681357,1
316,1832.0,751.013564925339,0,1,3493.3240334708557,0
900,19.0,1684.40511527831,1,19,715.6321848193041,1
268,1725.0,296.0208747153696,0,4,2445.393098046929,0
557,542.0,1296.7135796797495,0,7,3571.285286464442,0
976,18.0,1630.491564989426,0,22,1435.785023645854,1
244,593.0,36.42691546937494,0,6,2256.9738212900384,0
951,1262.5,1241.2314339923028,1,16,1021.9590973005083,1
353,1473.0,986.6372225377876,0,5,2580.9150148343806,0
9,2199.0,313.59175424703017,0,5,5725.254489349265,0
901,28.0,2141.394348241838,1,46,749.7030863525254,1
404,827.0,335.7545901271434,0,5,2971.267536914731,0
899,6.0,2040.3533131933707,1,42,1569.330105023793,1
606,3201.0,191.43638539417591,0,1,3180.639705062484,0
959,12.0,2473.992059928491,1,44,1180.92840548465,1
112,2294.0,335.7545901271434,0,6,1387.4781217122409,0
47,2764.0,174.04290238911827,0,2,2994.1918491833926,0
437,1262.5,176.77703378915393,0,11,3436.428354726748,0
326,2423.0,335.7545901271434,0,12,1741.6578081962366,0
891,27.0,2014.9827200486257,1,33,704.258857399652,1
660,3297.0,92.0296756700962,0,11,4105.950670066842,0
780,20.0,2432.077106735443,1,47,588.2603356347697,1
650,2926.0,321.08368907361984,0,4,3940.32158349421,0
87,3491.0,83.9718251409544,0,11,4505.551642554393,0
232,1287.0,58.01749345062152,1,6,6351.332815601136,0
443,3357.0,254.31784669918056,0,12,2552.9369328917296,0
99,2347.0,14.787719655232753,0,14,2403.2399449383697,0
647,783.0,494.9268101509836,0,3,8152.2674728929105,0
818,8.0,1891.358151531588,1,39,676.7871769045726,1
214,3332.0,83.67049039292158,0,8,1317.6486096219926,0
242,1550.0,256.2213203731259,0,7,1631.1094680354938,0
531,2733.0,320.9061094325033,0,4,1769.8702505623571,0
582,1122.0,102.73506869170627,0,7,1949.834123103918,0
931,25.0,335.7545901271434,1,15,1002.1535400723826,1
845,11.0,2113.2543248360057,1,13,910.7553397378448,1
887,9.0,1712.7265119330602,1,35,946.2720144951531,1
491,1145.0,762.3796902507423,0,13,3714.0320452610554,0
777,15.0,2440.5357868113065,0,43,1013.5668126999948,1
399,1829.0,52.89437906920524,0,11,2256.9738212900384,0
630,2457.0,16.798508562535673,0,7,4639.815347151214,0
568,1500.0,95.5902418488784,0,4,4115.0351599761025,0
421,1099.0,335.7545901271434,0,7,2695.9843099765453,0
505,3443.0,335.7545901271434,0,5,837.179712989534,0
65,271.0,231.51280493982895,0,6,4462.94596857942,0
194,3344.0,57.03944530785171,0,4,6024.777150912552,0
478,1559.0,443.2944584148492,0,6,1652.5543583825229,0
661,855.0,125.39602394159856,0,5,2223.206182748809,0
328,1046.0,97.70501200588905,0,1,2743.4965947582573,0
435,1022.0,424.37598482393526,0,7,1678.1802911360935,0
57,2098.0,145.35983572918246,0,1,1964.290290660494,0
528,2944.0,335.7545901271434,0,1,1638.9658186315078,0
425,1798.0,335.7545901271434,0,10,3252.5477621932987,0
902,7.0,1854.6446283233904,0,21,1229.208934471858,1
756,16.0,2805.895295656198,1,28,219.05887365181047,1
961,27.0,2127.129139870498,1,21,1745.5569750036675,1
506,2382.0,43.8748041696119,0,14,1610.7155002915708,0
717,1420.0,365.9032480844256,0,14,4829.270756897914,0
368,2899.0,48.995799139488234,0,10,3799.916597585574,0
757,13.0,2179.86838217873,1,17,891.6068314098129,1
539,149.0,32.193665796346195,0,6,1787.4885005159097,0
911,27.0,1565.0099037625455,1,24,898.2633162189884,1
558,2879.0,456.2621484423938,0,4,5319.838200337494,0
219,1336.0,1587.0450305244287,0,9,2616.889050256361,0
364,2991.0,559.4038565200128,0,7,1461.1641512184246,0
157,1600.0,193.90884054519393,0,14,1918.5216248813,0
700,1395.0,138.7140281504833,0,5,3796.6850330224006,0
216,3326.0,323.5692601506372,0,3,1313.3284905450191,0
51,1297.0,319.0377411606704,0,12,3438.4607984906893,0
204,1081.0,1194.756799235067,0,12,3251.3335203058355,0
694,1851.0,27.25327642154459,0,14,3477.6169888827076,0
827,28.0,1601.9919673920613,1,47,1104.012993281476,1
534,665.0,355.69221403154745,0,9,5943.465888841711,0
946,22.0,1684.2576336573493,1,14,1261.6946140085352,1
728,3252.0,851.4124503791578,0,13,2140.6066703403985,0
990,26.0,2474.586853213836,1,19,952.553846688304,1
892,21.0,2098.5134164386504,1,31,914.7534706213607,1
11,1268.0,268.3971816627874,0,2,3681.412737872117,0
81,3182.0,506.1016184393053,0,13,2598.7959285774564,0
589,482.0,115.24247192039678,0,4,2680.4100730903974,0
626,881.0,38.32764308895207,0,11,2256.9738212900384,0
864,23.0,2045.4844883877045,1,44,881.131096569472,1
804,10.0,1877.3497293337348,1,20,684.6070265081967,1
641,2474.0,46.95353969699633,0,2,2512.760947378484,0
110,1106.0,1120.112568701458,0,14,2921.6387260247157,0
309,3006.0,69.96171781735909,0,11,1704.4368717201653,0
948,6.0,1751.6445880347958,1,19,1246.0474560266452,1
696,2139.0,335.7545901271434,0,3,2234.237355460893,0
755,7.0,2039.9882473890352,0,31,909.3458239052136,1
567,733.0,62.40771011341097,0,11,4617.323862839652,0
113,793.0,250.29980560706804,0,7,2395.975152921608,0
352,1678.0,3289.917611436597,0,2,1439.3693596568908,0
158,990.0,212.54294085952753,0,9,2816.3044566544363,0
156,2803.0,275.39903152475597,0,14,1741.6991024551185,0
511,3080.0,199.08285011882495,0,5,2256.9738212900384,0
994,13.0,2169.800926710845,1,21,968.0988992406056,1
133,448.0,209.8279189188384,0,12,2002.3082353308569,0
716,880.0,1035.9648419293894,0,2,1384.5459871917833,0
635,1666.0,289.4816262519155,0,2,3317.0237626696926,0
471,567.0,96.50984020815127,0,6,2154.7672026933155,0
920,19.0,2767.781188957708,1,42,665.7860649514021,1
536,1723.0,321.2455816093237,0,13,3051.0469527996224,0
831,13.0,2553.425091094911,1,16,1192.162880522432,1
50,1929.0,335.7545901271434,0,8,2885.5411784592925,0
706,425.0,563.3635107868647,0,5,4899.671699354731,0
241,1883.0,421.97666202699486,1,8,1775.8177936773322,0
731,1092.0,180.41488176810617,1,13,2285.8624758332458,0
486,1262.5,3116.4924487765747,0,8,3257.5753457790456,0
980,1262.5,2643.282411085305,0,22,2256.9738212900384,1
989,24.0,1901.738940286308,1,10,1303.7912228932214,1
297,3032.0,382.198086039663,0,1,5655.467076532497,0
24,3515.0,29.59713965502462,0,5,2968.719269650503,0
573,3177.0,252.70252922720644,1,12,3118.6792399600085,0
64,2091.0,35.597299654162086,0,9,1680.793061911995,0
988,17.0,1687.681678662943,1,46,360.2213121535491,1
765,24.0,1811.3392449408695,1,29,901.8948047170686,1
565,3373.0,153.9068517786348,0,13,3251.686867102065,0
570,2867.0,363.9272197551123,1,13,2597.573035951342,0
964,20.0,2010.2465064630123,1,38,954.4856699268312,1
143,230.0,23.493606801654515,0,1,5694.086114477443,0
850,1262.5,1633.765771494173,1,39,2256.9738212900384,1
55,3586.0,90.40954742795157,0,4,2509.326551526906,0
134,2366.0,587.7296745885337,0,3,9097.107614250208,0
3,890.0,47.613841003787456,0,9,1840.058458548489,0
52,2909.0,70.93294113797192,0,7,4288.804748498335,0
707,2522.0,481.2409758540896,0,12,3068.3541632160723,0
726,1522.0,43.04157121470234,1,14,3782.790953098764,0
530,3013.0,121.68614228940008,0,6,1961.8672698633584,0
372,1262.5,335.7545901271434,0,13,2672.728597867454,0
610,2839.0,122.4719132465588,0,14,2043.6582311636755,0
503,2391.0,2698.063941902735,0,11,2321.351875716824,0
784,23.0,2107.4700849694664,1,49,839.9199080682499,1
634,3528.0,901.106932871566,0,3,1131.99145291632,0
432,636.0,160.78106917818954,0,12,4583.0679984061635,0
359,2587.0,335.7545901271434,0,1,2414.1390848825536,0
27,1245.0,349.7707315812236,0,2,1556.9634942615216,0
613,2846.0,309.02597576463666,0,6,924.5269604258632,0
69,2642.0,180.29603316087685,0,5,5153.198134835012,0
334,1262.5,239.4972058570538,0,5,2664.8950759111895,0
41,3577.0,466.9205504943014,0,11,2994.3229170585178,0
921,13.0,2269.364488026254,1,40,1077.5983443566165,1
93,2807.0,719.1344540132174,0,14,3158.612709028213,0
498,80.0,165.0624510854529,0,11,1581.2960992119015,0
146,3007.0,62.944920595342815,0,1,1770.3092563799278,0
787,17.0,2560.952855491067,1,20,1513.6120852053675,1
173,2969.0,216.5564037515986,0,14,4701.42342216225,0
914,13.0,1620.5739344811811,1,27,1137.3416829777354,1
390,3476.0,596.52751663005,0,3,3243.705115370498,0
454,655.0,110.8436383673125,0,8,4671.13243117781,0
830,29.0,1826.673319284945,1,34,990.3158166851588,1
137,3591.0,371.9248236966154,0,8,2944.9067127796066,0
189,570.0,48.78303326830193,0,5,2448.553279924508,0
680,1262.5,196.07166199718588,0,8,4270.675709374173,0
894,13.0,1601.0032989092615,1,46,1268.3941562721616,1
299,2480.0,670.186304597293,0,1,1787.026169394429,0
367,367.0,206.05774177745803,0,9,3819.0741607586033,0
295,689.0,153.50772879241094,0,8,1719.4751893897335,0
693,902.0,333.14445774438894,0,7,3077.3294734687406,0
620,1812.0,474.6992649655206,0,4,5248.854284258146,0
615,1378.0,142.43656533536463,0,3,4794.2438774426755,0
279,323.0,72.52748872952361,0,11,2005.643986421715,0
792,11.0,1179.3733988200686,0,35,1127.3181813583035,1
820,14.0,1679.5478253759586,1,26,1093.9396420039466,1
918,5.0,1588.764543575355,1,47,989.4977169981292,1
969,20.0,2168.966860317331,1,29,1261.6591000218934,1
481,1262.5,1796.599694144429,0,1,2459.119804838161,0
319,2228.0,42.38672048708288,0,3,4060.628467090772,0
169,422.0,92.8976688588738,0,9,3142.8664270521767,0
115,409.0,529.119115517349,0,9,1493.514506630975,0
998,8.0,335.7545901271434,1,23,464.08736039359405,1
38,1112.0,296.41623596708035,0,12,4284.797031557986,0
361,128.0,335.7545901271434,0,10,2115.0960704391905,0
878,17.0,2159.052528026313,1,21,1000.2048456872448,1
795,7.0,2604.2252540090767,1,46,1150.8234422472444,1
930,8.0,1454.194402685896,1,11,1109.2420888163983,1
934,6.0,1821.630718370486,1,25,1663.7593118191726,1
987,13.0,1115.2707023417029,1,33,1084.302775084542,1
378,1557.0,69.75951600400714,0,9,1434.0580369310328,0
484,2589.0,826.0254250643363,0,5,4031.5280571101466,0
355,133.0,149.000148292334,0,12,3116.123399153589,0
181,1953.0,958.5278896084704,0,5,6126.067172534939,0
812,8.0,2440.799872989104,1,28,756.279295318774,1
597,1665.0,605.6195814215536,0,13,5913.943161606152,0
984,1.0,3091.1782505963506,1,47,1011.8341144722218,1
955,3.0,1890.2880370382463,1,19,664.1361614850493,1
274,232.0,77.88580481115316,0,1,2146.2689182559816,0
917,17.0,1453.221427055882,0,27,703.0126622343959,1
331,2974.0,193.5525746678578,0,7,1121.9769271070172,0
687,66.0,42.30910483142806,0,3,2975.344327290999,0
249,1666.0,407.6909696014829,0,13,1737.7583591172822,0
18,160.0,83.35572163630749,0,5,8278.299434912751,0
584,1038.0,144.4120046734023,0,8,2034.2953562606776,0
256,2297.0,335.7545901271434,0,12,5094.560110217115,0
58,2918.0,38.18595097479941,0,8,2242.0465075426173,0
497,883.0,551.5442615956031,0,11,1887.022167302291,0
233,713.0,241.31349953227857,0,12,4337.897948899153,0
205,1673.0,695.4476166626919,0,6,2074.446223708111,0
598,1342.0,1127.7743503713573,0,12,4095.297466263493,0
245,1262.5,121.7291762747387,1,6,1368.4967142218125,0
255,671.0,95.1521513954728,0,3,632.4242280208066,0
868,2.0,2084.2009784677366,1,26,556.1667330580829,1
548,1883.0,166.50185137429168,0,3,3173.9535396459987,0
343,2285.0,1918.0591769250836,0,1,3378.14752474678,0
105,1046.0,1005.422928367088,0,4,2386.363055415593,0
492,3455.0,275.9998048421339,0,4,2057.889433279954,0
370,986.0,551.6589967838858,0,3,2509.8449879892287,0
479,2980.0,187.86220998872295,1,1,2256.9738212900384,0
460,2567.0,509.1987637985,0,10,5156.701947148975,0
664,3176.0,75.47628078689033,0,13,2397.8484316994213,0
125,1262.5,22.821488960171923,0,13,3540.2599351276613,0
905,16.0,1355.11720911747,1,48,1178.9323412745257,1
658,144.0,63.821740046943034,0,6,5251.037320228883,0
996,14.0,2990.5404469646087,1,26,1510.951782975411,1
123,1182.0,32.566515983767566,0,12,2256.9738212900384,0
329,910.0,217.2381061823796,0,13,8577.741283543119,0
767,3.0,1783.5495906074264,0,48,1148.859756208995,1
122,1397.0,109.9833389370446,0,9,4044.7675440721023,0
154,2761.0,92.51338153756654,0,9,1629.7216289994817,0
76,3529.0,123.74331762794996,1,1,2320.044316116885,0
945,16.0,1857.616511231402,1,32,1308.8372444795073,1
150,1262.5,1445.2621237241658,0,14,2256.9738212900384,0
682,1038.0,59.624474594940025,0,8,4596.034186707978,0
954,1262.5,1868.3725848681856,1,28,974.8846120452364,1
384,669.0,479.4286107543425,0,6,2897.6190748098425,0
456,2931.0,1405.9329430634114,0,1,5395.559172400904,0
86,1051.0,92.15803395312908,0,11,1662.1111695254217,0
258,884.0,43.4715347270123,0,1,3808.939329532777,0
262,3504.0,597.6157594391586,0,1,2919.019230893204,0
604,2599.0,417.2979964387667,0,12,3780.470439463545,0
475,2485.0,165.1051364772115,0,4,2256.9738212900384,0
616,545.0,945.5762873617924,0,3,4018.4444986049025,0
461,1439.0,208.9984402262097,0,12,1533.3512987044332,0
60,1327.0,45.14970421046733,0,7,2953.9495840740883,0
526,3451.0,103.87327863592984,0,14,3031.2988547182067,0
722,425.0,176.93343618490115,0,11,2737.8816467923903,0
68,3447.0,62.35027363585783,0,9,2647.183089424653,0
807,5.0,2235.236828058366,1,32,968.9706327129148,1
949,1262.5,1974.85851281875,1,48,980.5934184902444,1
906,1262.5,2133.4934927638255,1,18,809.714245693179,1
442,1214.0,232.24941761746877,0,4,2311.003611491037,0
25,2883.0,470.8452861571578,0,3,3056.95154983273,0
429,2574.0,31.43114526799956,0,2,3114.889185047334,0
337,3092.0,69.56953938637282,0,11,4624.332630550418,0
772,17.0,2346.6623451663004,1,20,985.5734478007682,1
519,34.0,77.41077029568802,0,2,1665.5131886570732,0
467,3140.0,147.2658529793691,0,14,1431.1984581486531,0
952,25.0,1501.982436148668,1,38,954.927103360522,1
296,2841.0,129.37572985287858,0,5,3219.9027171750736,0
183,2562.0,1614.954922553454,0,5,3149.4475505665127,0
846,28.0,2127.526674444788,1,35,1393.595121572184,1
36,2934.0,335.7545901271434,0,1,6063.623715446043,0
424,2176.0,1999.283347326536,0,6,4903.655269224686,0
96,231.0,113.66539063249002,0,4,4099.252099279414,0
178,593.0,135.8499668378232,0,11,3339.024127787919,0
866,1262.5,1846.715276433075,1,13,1181.2362668765554,1
298,1985.0,960.3421987021338,0,9,3190.490983207885,0
238,1525.0,323.13776019340077,0,7,2089.468907708359,0
822,29.0,2470.628927397399,1,25,1439.9622577835808,1
640,314.0,637.2546720774365,0,11,5556.171088709733,0
477,2905.0,387.404148396515,0,12,2788.514441846558,0
104,1305.0,335.7545901271434,0,11,2138.2097969392767,0
742,762.0,149.50395693697922,0,12,3171.3425269303975,0
835,22.0,1808.154790209508,1,19,1069.836022882049,1
761,16.0,3011.8002837712374,1,32,1459.0585596590054,1
872,25.0,1581.8559406373065,0,13,1302.1400009419478,1
525,2961.0,173.01805154331703,0,11,1678.3192341929837,0
855,1262.5,1794.4711040664783,1,28,1637.4314209050883,1
311,1693.0,41.23050404955001,0,3,3190.3117124089913,0
100,845.0,104.32382976094304,0,3,3407.826465036999,0
766,9.0,3012.9035459556253,1,28,935.9629661948684,1
688,3470.0,576.4846086194491,0,2,2638.763292695307,0
502,2227.0,61.32882726721859,0,6,2878.747234001898,0
637,1470.0,113.14787716516904,0,3,4373.449253858101,0
94,1609.0,183.2807320582489,0,6,2490.985940121637,0
801,18.0,2080.4894735894995,1,20,940.6186813045954,1
97,2011.0,303.778219166737,0,5,1776.6396717619457,0
313,2415.0,90.56629593932036,0,13,1914.7333548816007,0
291,3427.0,133.70566565942107,0,6,2320.728139818096,0
924,26.0,2274.8497091555028,1,27,870.6623291274702,1
653,2682.0,236.35789769127865,0,1,1129.5366838728353,0
284,1960.0,335.7545901271434,0,7,5981.880445403327,0
995,1262.5,1125.626961931806,1,34,1298.674454200609,1
907,16.0,2114.7016239157174,1,30,929.2090038367083,1
844,23.0,2308.218211260868,1,26,1271.2052664283942,1
422,3474.0,467.3261668769413,0,9,7823.298428995415,0
824,28.0,1002.5273570933574,1,38,989.2523263880612,1
168,2872.0,160.10593112533405,0,6,2993.9515826237075,0
586,1803.0,607.8775850600764,0,5,1877.3776425581,0
638,1221.0,126.2411562731488,0,5,4197.527874378553,0
336,1213.0,233.1018122673672,0,9,3062.498115098833,0
261,1262.5,502.0784380586613,0,13,1972.60891190706,0
415,3150.0,173.1033247116397,0,6,2826.507273134911,0
991,8.0,2426.172583230883,1,25,1972.92789087842,1
457,1716.0,401.0979949738596,0,4,3219.8637156893683,0
838,6.0,2506.068230454265,1,47,1358.3776661541192,1
859,17.0,2033.4074415887028,1,23,1021.3761249732678,1
446,2095.0,2000.3030133255445,0,7,1930.73738400797,0
814,8.0,1589.765953543456,1,45,951.8919756865508,1
474,950.0,371.7768624426965,0,2,1739.1159912092155,0
317,2550.0,162.80747937482715,0,8,5206.82101960164,0
712,1262.5,303.3245927258088,0,2,1356.6357236602091,0
910,4.0,2349.1104180677394,1,42,1080.0455188886206,1
56,676.0,52.70657808925017,1,12,3016.242035987296,0
928,28.0,2672.9016336814348,1,33,752.3038951593574,1
202,2723.0,354.01561414414283,0,7,3363.2220245745552,0
958,27.0,2674.563174084203,0,24,1368.7644352891152,1
7,3122.0,209.96390825470283,0,12,1304.2181024424644,0
710,294.0,284.2879774856612,0,4,3015.359491866407,0
764,23.0,2326.750976027931,1,18,2256.9738212900384,1
400,3384.0,177.88520980211104,1,1,7945.035679952426,0
857,28.0,1543.8062737438051,1,36,1576.1102506432785,1
842,22.0,1782.0905114168845,1,43,2256.9738212900384,1
915,13.0,2320.198592455839,1,12,850.9203924646065,1
869,9.0,1895.500019653134,1,48,2256.9738212900384,1
151,1781.0,137.4867359742536,0,11,4288.73683056004,0
708,3334.0,432.9875298342464,0,9,1597.2449971151275,0
495,2804.0,232.26555082890155,0,14,1348.7756081037587,0
42,2777.0,69.14900124909755,0,3,1612.4990608126534,0
781,28.0,2139.3095960329592,1,37,1096.8923510853006,1
30,1214.0,430.1598717221,0,2,4358.851061292872,0
411,845.0,226.61041713093024,0,9,2256.9738212900384,0
177,3342.0,22.780472592012515,0,3,2256.9738212900384,0
71,1393.0,108.5053247948282,0,14,3047.2096461301726,0
430,331.0,74.66429769759861,0,3,1273.8706958623702,0
794,18.0,1383.8394264812796,0,21,334.9543481937807,1
159,2690.0,243.3925260487851,0,4,4766.0881235765255,0
230,347.0,904.7061615917648,0,13,2097.417935615849,0
373,1633.0,1117.9398708073218,0,10,2888.726638050089,0
657,1262.5,109.19000296450989,0,3,2524.427264425499,0
546,3575.0,34.49179090544677,0,2,2808.30739788192,0
211,2068.0,539.1954379002245,0,4,2014.769013386781,0
417,3273.0,1228.4830067251328,0,2,3987.723132350108,0
34,2330.0,86.35592001288586,0,7,2006.623360346819,0
221,2705.0,49.51964908292184,0,3,4037.7447617433872,0
908,23.0,1459.4314436011691,1,21,1223.2557130945104,1
854,3.0,2686.9039137135524,1,33,680.1295204302326,1
240,1166.0,101.68103628130105,0,1,3037.6696750406736,0
147,3134.0,192.66618089736215,0,8,4140.089437003015,0
192,1213.0,196.58799261007437,0,13,5273.778796509511,0
239,3334.0,113.1632303400414,0,9,1343.010126434341,0
618,2869.0,62.25520107517795,0,12,5797.800302619763,0
14,2165.0,585.2640102707373,0,12,4707.6342274356875,0
470,2836.0,2720.477131648158,0,1,6155.45774098808,0
890,26.0,2062.9919772244552,1,17,1220.391263637799,1
160,1515.0,991.9749108814189,0,11,4764.735578177651,0
636,1321.0,41.382662887223,1,1,1476.9342233359523,0
414,1245.0,781.9124049998692,0,5,5898.279112056687,0
966,9.0,1193.6691209798864,1,12,1251.8405513555217,1
730,2646.0,293.2876772903301,0,2,3260.0803875258057,0
8,1668.0,61.95805445285855,0,9,3105.417503049917,0
209,1693.0,249.24734110020216,0,3,2813.49837892169,0
881,15.0,2338.8198442416738,0,27,766.0441161335084,1
392,2827.0,102.77538711867167,0,8,1994.3658282389683,0
587,987.0,350.6412965122899,0,1,2256.9738212900384,0
488,1936.0,553.3004311012821,0,11,2950.660192624339,0
19,1715.0,91.00051031319796,0,12,1248.3354723984005,0
769,20.0,1287.2033422609484,1,24,1153.4498726085585,1
942,13.0,1730.9204993966357,0,31,1177.126618375439,1
408,1534.0,1282.4793432735896,0,9,3517.7034785547903,0
986,1262.5,1317.8761223910446,1,31,605.2552550717478,1
398,2515.0,208.7498423132263,0,3,5650.805027132037,0
916,17.0,2074.485974663605,1,16,945.2293076861376,1
739,1262.5,53.383869020204784,0,7,3082.9594972604746,0
252,728.0,41.391036001387825,0,10,3961.250427905557,0
402,255.0,12.41097130635519,0,13,6593.250316687699,0
790,19.0,1930.3539941116856,1,34,1142.629204757987,1
821,8.0,335.7545901271434,1,12,1206.119738757675,1
591,2989.0,327.99706648367356,0,3,3160.067601173138,0
386,2765.0,261.0005994597931,0,5,7843.648099572818,0
141,3129.0,211.3314305728753,0,4,2256.9738212900384,0
452,1925.0,2009.2102044337903,0,4,2303.5857005658913,0
448,1788.0,53.16707245087537,0,8,786.6173168236011,0
186,2826.0,584.0819306685141,0,3,2663.8837968744456,0
671,2838.0,711.7895875395071,0,3,1384.5241345351722,0
937,28.0,1548.2867918155282,0,48,1112.0045679134194,1
77,2586.0,1034.2637287530026,0,7,4149.6403286337045,0
374,2878.0,312.1716743718947,0,14,1706.772836803645,0
176,2820.0,60.90559103739398,0,12,2669.4843402107535,0
970,7.0,1874.8006763149572,1,13,2256.9738212900384,1
543,2004.0,21.26192456540259,0,3,3558.586374242293,0
649,1262.5,259.97411935380933,0,8,1818.0448503051368,0
135,408.0,216.72583745643337,0,4,2975.95435277349,0
675,2534.0,385.28925886765455,0,14,7047.2454026543655,0
237,1661.0,336.5375798901408,0,11,5553.321363671586,0
78,805.0,251.5949481676164,0,9,5247.253382063908,0
462,1262.5,203.14775511074944,0,2,2889.489824405216,0
360,1526.0,149.6379084208882,0,12,2008.020512511864,0
170,236.0,357.3657233167805,0,8,5980.1004439047665,0
631,1598.0,335.767946537457,0,11,2256.9738212900384,0
423,2595.0,181.9482336180799,0,5,1798.738591875424,0
327,653.0,81.09988952005322,0,13,6996.526722129614,0
449,2643.0,335.7545901271434,0,12,4450.657074757569,0
595,2418.0,111.7246100416829,0,11,2944.013751038917,0
